{
    "dev_loss": 0.03345029801130295,
    "dev_pearson": 0.8429487943649292,
    "dev_spearman": 0.843525230884552,
    "test_loss": 0.0425238274037838,
    "test_pearson": 0.7878162860870361,
    "test_spearman": 0.7849940657615662
}