{
    "dev_loss": 0.031026566401124,
    "dev_pearson": 0.8375382423400879,
    "dev_spearman": 0.8379828929901123,
    "test_loss": 0.03611820936203003,
    "test_pearson": 0.8024789690971375,
    "test_spearman": 0.7962357401847839
}