{
    "dev_loss": 0.030362704768776894,
    "dev_pearson": 0.8260264992713928,
    "dev_spearman": 0.8212710022926331,
    "test_loss": 0.03639392927289009,
    "test_pearson": 0.7841415405273438,
    "test_spearman": 0.7713168859481812
}