{
    "dev_loss": 0.0057891723699867725,
    "dev_pearson": 0.9505078792572021,
    "dev_spearman": 0.9033732414245605,
    "test_loss": 0.03536193445324898,
    "test_pearson": 0.8112149834632874,
    "test_spearman": 0.8067614436149597
}