{
    "dev_loss": 0.03201402351260185,
    "dev_pearson": 0.8310829401016235,
    "dev_spearman": 0.82814621925354,
    "test_loss": 0.034094396978616714,
    "test_pearson": 0.8078127503395081,
    "test_spearman": 0.7949631214141846
}