{
    "dev_loss": 0.034483011811971664,
    "dev_pearson": 0.7951614260673523,
    "dev_spearman": 0.7937009334564209,
    "test_loss": 0.04107418283820152,
    "test_pearson": 0.7538438439369202,
    "test_spearman": 0.7489510774612427
}