{
    "dev_loss": 0.027112435549497604,
    "dev_pearson": 0.8488653898239136,
    "dev_spearman": 0.845547080039978,
    "test_loss": 0.03250615671277046,
    "test_pearson": 0.8154850006103516,
    "test_spearman": 0.8065452575683594
}