{
    "dev_loss": 0.005898602306842804,
    "dev_pearson": 0.9499109387397766,
    "dev_spearman": 0.9063475131988525,
    "test_loss": 0.039878103882074356,
    "test_pearson": 0.7895810604095459,
    "test_spearman": 0.7843526601791382
}