{
    "dev_loss": 0.031115198507905006,
    "dev_pearson": 0.8239129185676575,
    "dev_spearman": 0.818162739276886,
    "test_loss": 0.03601500019431114,
    "test_pearson": 0.7866584658622742,
    "test_spearman": 0.7707623839378357
}