{
    "dev_loss": 0.029922638088464737,
    "dev_pearson": 0.8268563151359558,
    "dev_spearman": 0.8246435523033142,
    "test_loss": 0.036315787583589554,
    "test_pearson": 0.7853192090988159,
    "test_spearman": 0.7730196118354797
}