{
    "dev_loss": 0.10507095605134964,
    "dev_pearson": 0.7639942765235901,
    "dev_spearman": 0.762724757194519,
    "test_loss": 0.11162396520376205,
    "test_pearson": 0.7244963049888611,
    "test_spearman": 0.7025236487388611
}