{
    "dev_loss": 0.0058017815463244915,
    "dev_pearson": 0.950432538986206,
    "dev_spearman": 0.9089041948318481,
    "test_loss": 0.037436842918395996,
    "test_pearson": 0.8058174848556519,
    "test_spearman": 0.8017733097076416
}