{
    "dev_loss": 0.038847677409648895,
    "dev_pearson": 0.8186010122299194,
    "dev_spearman": 0.812702476978302,
    "test_loss": 0.04660021513700485,
    "test_pearson": 0.7791496515274048,
    "test_spearman": 0.7633930444717407
}