{
    "dev_loss": 0.031533244997262955,
    "dev_pearson": 0.8362621665000916,
    "dev_spearman": 0.8360804319381714,
    "test_loss": 0.03620868921279907,
    "test_pearson": 0.8018441200256348,
    "test_spearman": 0.7952553629875183
}