{
    "dev_loss": 0.03137792646884918,
    "dev_pearson": 0.8221995830535889,
    "dev_spearman": 0.8163813948631287,
    "test_loss": 0.03569873794913292,
    "test_pearson": 0.7884951233863831,
    "test_spearman": 0.7724902629852295
}