{
    "dev_loss": 0.03464558348059654,
    "dev_pearson": 0.7952961325645447,
    "dev_spearman": 0.7937747836112976,
    "test_loss": 0.040621425956487656,
    "test_pearson": 0.7579006552696228,
    "test_spearman": 0.7515795826911926
}