{
    "dev_loss": 0.034400783479213715,
    "dev_pearson": 0.847577691078186,
    "dev_spearman": 0.8486576080322266,
    "test_loss": 0.03972002863883972,
    "test_pearson": 0.8029423356056213,
    "test_spearman": 0.7992295026779175
}