{
    "dev_loss": 0.0318748913705349,
    "dev_pearson": 0.8477250337600708,
    "dev_spearman": 0.8468716740608215,
    "test_loss": 0.037885282188653946,
    "test_pearson": 0.8010764718055725,
    "test_spearman": 0.7945989370346069
}