{
    "dev_loss": 0.02594411000609398,
    "dev_pearson": 0.8490294814109802,
    "dev_spearman": 0.8460239171981812,
    "test_loss": 0.03102830797433853,
    "test_pearson": 0.8221747875213623,
    "test_spearman": 0.8132736682891846
}