{
    "dev_loss": 0.026724249124526978,
    "dev_pearson": 0.8440150618553162,
    "dev_spearman": 0.8395140171051025,
    "test_loss": 0.032310232520103455,
    "test_pearson": 0.8130725622177124,
    "test_spearman": 0.8030785918235779
}