{
    "dev_loss": 0.025613002479076385,
    "dev_pearson": 0.8508617877960205,
    "dev_spearman": 0.8468967080116272,
    "test_loss": 0.03365284949541092,
    "test_pearson": 0.8050828576087952,
    "test_spearman": 0.7958897352218628
}