{
    "dev_loss": 0.025774717330932617,
    "dev_pearson": 0.8507370948791504,
    "dev_spearman": 0.8479860424995422,
    "test_loss": 0.03252863511443138,
    "test_pearson": 0.8135969042778015,
    "test_spearman": 0.8048751950263977
}