{
    "dev_loss": 0.02667018212378025,
    "dev_pearson": 0.8475285768508911,
    "dev_spearman": 0.8440236449241638,
    "test_loss": 0.033342279493808746,
    "test_pearson": 0.8082968592643738,
    "test_spearman": 0.8000892996788025
}