{
    "dev_loss": 0.03032059036195278,
    "dev_pearson": 0.8257885575294495,
    "dev_spearman": 0.8211362957954407,
    "test_loss": 0.03687053546309471,
    "test_pearson": 0.7802116870880127,
    "test_spearman": 0.7679970264434814
}