{
    "dev_loss": 0.05069964751601219,
    "dev_pearson": 0.6815304756164551,
    "dev_spearman": 0.6794595122337341,
    "test_loss": 0.06197204068303108,
    "test_pearson": 0.602737307548523,
    "test_spearman": 0.595176637172699
}