{
    "dev_loss": 0.029813464730978012,
    "dev_pearson": 0.8473749756813049,
    "dev_spearman": 0.8462462425231934,
    "test_loss": 0.03460528329014778,
    "test_pearson": 0.8097953200340271,
    "test_spearman": 0.8025199174880981
}