{
    "dev_loss": 0.03331293165683746,
    "dev_pearson": 0.8487594127655029,
    "dev_spearman": 0.8443905115127563,
    "test_loss": 0.040642473846673965,
    "test_pearson": 0.816259503364563,
    "test_spearman": 0.8078912496566772
}