{"dev_loss": 0.11435586959123611,
 "dev_pearson": 0.7406367659568787,
 "dev_spearman": 0.7411724925041199,
 "test_loss": 0.12451186776161194,
 "test_pearson": 0.7012802362442017,
 "test_spearman": 0.682623028755188
}
