{
    "dev_loss": 0.11214320361614227,
    "dev_pearson": 0.7372389435768127,
    "dev_spearman": 0.7382383346557617,
    "test_loss": 0.1225733757019043,
    "test_pearson": 0.6927928328514099,
    "test_spearman": 0.6753580570220947
}