{
    "dev_loss": 0.030263125896453857,
    "dev_pearson": 0.8257355093955994,
    "dev_spearman": 0.8229146003723145,
    "test_loss": 0.036439426243305206,
    "test_pearson": 0.7838116884231567,
    "test_spearman": 0.7705587148666382
}