{
    "dev_loss": 0.032712724059820175,
    "dev_pearson": 0.8433439135551453,
    "dev_spearman": 0.8436563611030579,
    "test_loss": 0.03830409049987793,
    "test_pearson": 0.7971187233924866,
    "test_spearman": 0.7902668714523315
}