{
    "dev_loss": 0.03176674619317055,
    "dev_pearson": 0.8310727477073669,
    "dev_spearman": 0.828650176525116,
    "test_loss": 0.03421882912516594,
    "test_pearson": 0.8061297535896301,
    "test_spearman": 0.7932701706886292
}